objid,objclass,timetaken,A_u,t0_u,gamma_u,beta_u,t_rise_u,t_fall_u,A_g,t0_g,gamma_g,beta_g,t_rise_g,t_fall_g,A_r,t0_r,gamma_r,beta_r,t_rise_r,t_fall_r,A_i,t0_i,gamma_i,beta_i,t_rise_i,t_fall_i,A_z,t0_z,gamma_z,beta_z,t_rise_z,t_fall_z,A_Y,t0_Y,gamma_Y,beta_Y,t_rise_Y,t_fall_Y
290499,SNIax,0.04781384468078613,,,,,,,,,,,,,,,,,,,,,,,,,,,,,,,,,,,,
281580,SNIax,0.21783547401428222,,,,,,,,,,,,,,,,,,,,,,,,,,,,,,,,,,,,
201455,TDE,0.12151706218719482,,,,,,,,,,,,,,,,,,,,,,,,,,,,,,,,,,,,
168597,AGN,0.15975749492645264,,,,,,,,,,,,,,,,,,,,,,,,,,,,,,,,,,,,
254624,SNIa,0.06173121929168701,,,,,,,,,,,,,,,,,,,,,,,,,,,,,,,,,,,,
163658,SNIa-91bg,0.10784637928009033,,,,,,,,,,,,,,,,,,,,,,,,,,,,,,,,,,,,
126742,SNIax,0.050711989402770996,,,,,,,,,,,,,,,,,,,,,,,,,,,,,,,,,,,,
148637,SNIa-91bg,0.0757509708404541,,,,,,,,,,,,,,,,,,,,,,,,,,,,,,,,,,,,
177469,SNIax,0.05488363901774088,,,,,,,,,,,,,,,,,,,,,,,,,,,,,,,,,,,,
232342,SNII,0.04618129730224609,,,,,,,,,,,,,,,,,,,,,,,,,,,,,,,,,,,,
207132,SNIax,0.16546058654785156,,,,,,,,,,,,,,,,,,,,,,,,,,,,,,,,,,,,
74982,TDE,0.06054844856262207,,,,,,,,,,,,,,,,,,,,,,,,,,,,,,,,,,,,
209780,AGN,0.0003541707992553711,,,,,,,,,,,,,,,,,,,,,,,,,,,,,,,,,,,,
145074,SNIa,0.0557632843653361,,,,,,,,,,,,,,,,,,,,,,,,,,,,,,,,,,,,
273648,AGN,0.0005768934885660807,,,,,,,,,,,,,,,,,,,,,,,,,,,,,,,,,,,,
117415,SNIbc,0.20363783836364746,,,,,,,,,,,,,,,,,,,,,,,,,,,,,,,,,,,,
289116,SNIax,0.06610822677612305,,,,,,,,,,,,,,,,,,,,,,,,,,,,,,,,,,,,
146621,SNIbc,0.07460419336954753,,,,,,,,,,,,,,,,,,,,,,,,,,,,,,,,,,,,
10150,SNIbc,0.07329239845275878,,,,,,,,,,,,,,,,,,,,,,,,,,,,,,,,,,,,
182671,SLSN-I,0.06447339057922363,,,,,,,,,,,,,,,,,,,,,,,,,,,,,,,,,,,,
175174,SLSN-I,0.07951498031616211,,,,,,,,,,,,,,,,,,,,,,,,,,,,,,,,,,,,
132352,SLSN-I,0.06123652458190918,,,,,,,,,,,,,,,,,,,,,,,,,,,,,,,,,,,,
282827,TDE,0.07767331600189209,,,,,,,,,,,,,,,,,,,,,,,,,,,,,,,,,,,,
172069,SNIax,0.16376500129699706,,,,,,,,,,,,,,,,,,,,,,,,,,,,,,,,,,,,
314242,SNIbc,0.0581695556640625,,,,,,,,,,,,,,,,,,,,,,,,,,,,,,,,,,,,
222755,SLSN-I,0.10455675919850667,,,,,,,,,,,,,,,,,,,,,,,,,,,,,,,,,,,,
212416,SNIax,0.3713093280792236,,,,,,,,,,,,,,,,,,,,,,,,,,,,,,,,,,,,
237200,SNIa,0.14857931137084962,,,,,,,,,,,,,,,,,,,,,,,,,,,,,,,,,,,,
318874,SLSN-I,0.06040783723195394,,,,,,,,,,,,,,,,,,,,,,,,,,,,,,,,,,,,
254386,SLSN-I,0.06541032791137695,,,,,,,,,,,,,,,,,,,,,,,,,,,,,,,,,,,,
37718,SNIa,0.12361800670623779,,,,,,,,,,,,,,,,,,,,,,,,,,,,,,,,,,,,
260003,SNIa-91bg,0.026764194170633953,,,,,,,,,,,,,,,,,,,,,,,,,,,,,,,,,,,,
143138,SNIax,0.06968107223510742,,,,,,,,,,,,,,,,,,,,,,,,,,,,,,,,,,,,
157326,SNIbc,0.08099350929260254,,,,,,,,,,,,,,,,,,,,,,,,,,,,,,,,,,,,
338628,SNIax,0.04625849723815918,,,,,,,,,,,,,,,,,,,,,,,,,,,,,,,,,,,,
340860,SNIa,0.05084037780761719,,,,,,,,,,,,,,,,,,,,,,,,,,,,,,,,,,,,
113836,TDE,0.06610374450683594,,,,,,,,,,,,,,,,,,,,,,,,,,,,,,,,,,,,
266706,AGN,0.009817695617675782,,,,,,,,,,,,,,,,,,,,,,,,,,,,,,,,,,,,
205360,SNIbc,0.20280747413635253,,,,,,,,,,,,,,,,,,,,,,,,,,,,,,,,,,,,
58139,SLSN-I,0.038478851318359375,,,,,,,,,,,,,,,,,,,,,,,,,,,,,,,,,,,,
119137,SNII,0.12922706604003906,,,,,,,,,,,,,,,,,,,,,,,,,,,,,,,,,,,,
119605,SNIa-91bg,0.03857771555582682,,,,,,,,,,,,,,,,,,,,,,,,,,,,,,,,,,,,
86613,SNIax,0.11381144523620605,,,,,,,,,,,,,,,,,,,,,,,,,,,,,,,,,,,,
146937,AGN,0.0005218029022216797,,,,,,,,,,,,,,,,,,,,,,,,,,,,,,,,,,,,
95944,SNIa,0.05620257059733073,,,,,,,,,,,,,,,,,,,,,,,,,,,,,,,,,,,,
299008,TDE,0.27003207206726076,,,,,,,,,,,,,,,,,,,,,,,,,,,,,,,,,,,,
58393,SNIax,0.08292255401611329,,,,,,,,,,,,,,,,,,,,,,,,,,,,,,,,,,,,
210794,TDE,0.03238817056020101,,,,,,,,,,,,,,,,,,,,,,,,,,,,,,,,,,,,
280550,SNII,0.04683394432067871,,,,,,,,,,,,,,,,,,,,,,,,,,,,,,,,,,,,
73951,SNIa,0.05510056018829346,,,,,,,,,,,,,,,,,,,,,,,,,,,,,,,,,,,,
220243,SNII,0.04772186279296875,,,,,,,,,,,,,,,,,,,,,,,,,,,,,,,,,,,,
196759,SNIax,0.05194602012634277,,,,,,,,,,,,,,,,,,,,,,,,,,,,,,,,,,,,
63067,TDE,0.05381174087524414,,,,,,,,,,,,,,,,,,,,,,,,,,,,,,,,,,,,
232124,SLSN-I,0.08060832023620605,,,,,,,,,,,,,,,,,,,,,,,,,,,,,,,,,,,,
148358,SNIa-91bg,0.1741938591003418,,,,,,,,,,,,,,,,,,,,,,,,,,,,,,,,,,,,
182066,SNIbc,0.05033393700917562,,,,,,,,,,,,,,,,,,,,,,,,,,,,,,,,,,,,
250282,AGN,0.00040035247802734376,,,,,,,,,,,,,,,,,,,,,,,,,,,,,,,,,,,,
222829,AGN,0.00044341882069905597,,,,,,,,,,,,,,,,,,,,,,,,,,,,,,,,,,,,
298372,SNII,0.049673994382222496,,,,,,,,,,,,,,,,,,,,,,,,,,,,,,,,,,,,
249384,SNIa-91bg,0.02690577507019043,,,,,,,,,,,,,,,,,,,,,,,,,,,,,,,,,,,,
43465,SNIa,0.18335485458374023,,,,,,,,,,,,,,,,,,,,,,,,,,,,,,,,,,,,
247556,SNIa-91bg,0.4927046775817871,,,,,,,,,,,,,,,,,,,,,,,,,,,,,,,,,,,,
212132,AGN,0.09323263168334961,,,,,,,,,,,,,,,,,,,,,,,,,,,,,,,,,,,,
52986,SNIax,0.034633827209472653,,,,,,,,,,,,,,,,,,,,,,,,,,,,,,,,,,,,
71533,SNIax,0.08253369331359864,,,,,,,,,,,,,,,,,,,,,,,,,,,,,,,,,,,,
296089,SNIax,0.10713372230529786,,,,,,,,,,,,,,,,,,,,,,,,,,,,,,,,,,,,
161755,SNIax,0.1885757048924764,,,,,,,,,,,,,,,,,,,,,,,,,,,,,,,,,,,,
311300,SNIa-91bg,0.09554057121276856,,,,,,,,,,,,,,,,,,,,,,,,,,,,,,,,,,,,
139334,SNIa,0.2203094164530436,,,,,,,,,,,,,,,,,,,,,,,,,,,,,,,,,,,,
315884,AGN,0.0782333215077718,,,,,,,,,,,,,,,,,,,,,,,,,,,,,,,,,,,,
269841,SNIbc,0.05323894818623861,,,,,,,,,,,,,,,,,,,,,,,,,,,,,,,,,,,,
251212,SNII,0.06753983497619628,,,,,,,,,,,,,,,,,,,,,,,,,,,,,,,,,,,,
128160,SNIbc,0.1730553150177002,,,,,,,,,,,,,,,,,,,,,,,,,,,,,,,,,,,,
153443,SNII,0.056166489919026695,,,,,,,,,,,,,,,,,,,,,,,,,,,,,,,,,,,,
95571,SNIa-91bg,0.06904802322387696,,,,,,,,,,,,,,,,,,,,,,,,,,,,,,,,,,,,
183455,SNIbc,0.027352333068847656,,,,,,,,,,,,,,,,,,,,,,,,,,,,,,,,,,,,
11260,SNIbc,0.1476961135864258,,,,,,,,,,,,,,,,,,,,,,,,,,,,,,,,,,,,
198396,AGN,0.46268739700317385,,,,,,,,,,,,,,,,,,,,,,,,,,,,,,,,,,,,
227152,AGN,0.06371560096740722,,,,,,,,,,,,,,,,,,,,,,,,,,,,,,,,,,,,
235828,SLSN-I,0.17402949333190917,,,,,,,,,,,,,,,,,,,,,,,,,,,,,,,,,,,,
280183,SNIa,0.08020596504211426,,,,,,,,,,,,,,,,,,,,,,,,,,,,,,,,,,,,
258289,SNIax,0.03246525923411051,,,,,,,,,,,,,,,,,,,,,,,,,,,,,,,,,,,,
27885,TDE,0.07573962211608887,,,,,,,,,,,,,,,,,,,,,,,,,,,,,,,,,,,,
101121,SNIa-91bg,0.06228280067443848,,,,,,,,,,,,,,,,,,,,,,,,,,,,,,,,,,,,
339740,TDE,0.07344643274943034,,,,,,,,,,,,,,,,,,,,,,,,,,,,,,,,,,,,
235595,AGN,0.0004138469696044922,,,,,,,,,,,,,,,,,,,,,,,,,,,,,,,,,,,,
151888,AGN,0.1584765911102295,,,,,,,,,,,,,,,,,,,,,,,,,,,,,,,,,,,,
102737,TDE,0.04301933447519938,,,,,,,,,,,,,,,,,,,,,,,,,,,,,,,,,,,,
3763,SNIbc,0.09193410873413085,,,,,,,,,,,,,,,,,,,,,,,,,,,,,,,,,,,,
161281,SNIbc,0.043742799758911134,,,,,,,,,,,,,,,,,,,,,,,,,,,,,,,,,,,,
289333,SNII,0.15892481803894043,,,,,,,,,,,,,,,,,,,,,,,,,,,,,,,,,,,,
41972,SNII,0.05906767845153808,,,,,,,,,,,,,,,,,,,,,,,,,,,,,,,,,,,,
13371,TDE,0.04267497857411703,,,,,,,,,,,,,,,,,,,,,,,,,,,,,,,,,,,,
86865,TDE,0.14454550743103028,,,,,,,,,,,,,,,,,,,,,,,,,,,,,,,,,,,,
203450,AGN,0.19611029624938964,,,,,,,,,,,,,,,,,,,,,,,,,,,,,,,,,,,,
76068,SNIbc,0.07810626029968262,,,,,,,,,,,,,,,,,,,,,,,,,,,,,,,,,,,,
252323,AGN,0.0005121707916259765,,,,,,,,,,,,,,,,,,,,,,,,,,,,,,,,,,,,
271726,SNIax,0.27144179344177244,,,,,,,,,,,,,,,,,,,,,,,,,,,,,,,,,,,,
175848,AGN,0.1931464672088623,,,,,,,,,,,,,,,,,,,,,,,,,,,,,,,,,,,,
239977,TDE,0.06450430552164714,,,,,,,,,,,,,,,,,,,,,,,,,,,,,,,,,,,,
148205,SLSN-I,0.2943263530731201,,,,,,,,,,,,,,,,,,,,,,,,,,,,,,,,,,,,
340698,SNIa-91bg,0.025922060012817383,,,,,,,,,,,,,,,,,,,,,,,,,,,,,,,,,,,,
160306,AGN,0.1260145664215088,,,,,,,,,,,,,,,,,,,,,,,,,,,,,,,,,,,,
88056,SLSN-I,0.045068701108296715,,,,,,,,,,,,,,,,,,,,,,,,,,,,,,,,,,,,
116440,SNII,0.07225465774536133,,,,,,,,,,,,,,,,,,,,,,,,,,,,,,,,,,,,
286164,SNIa-91bg,0.11473350524902344,,,,,,,,,,,,,,,,,,,,,,,,,,,,,,,,,,,,
284917,SNIa,0.11389398574829102,,,,,,,,,,,,,,,,,,,,,,,,,,,,,,,,,,,,
91952,SNIa-91bg,0.06483523050944011,,,,,,,,,,,,,,,,,,,,,,,,,,,,,,,,,,,,
103126,AGN,0.22351422309875488,,,,,,,,,,,,,,,,,,,,,,,,,,,,,,,,,,,,
106269,SLSN-I,0.09324280420939128,,,,,,,,,,,,,,,,,,,,,,,,,,,,,,,,,,,,
111076,AGN,0.058775862058003746,,,,,,,,,,,,,,,,,,,,,,,,,,,,,,,,,,,,
187601,SNIbc,0.059559297561645505,,,,,,,,,,,,,,,,,,,,,,,,,,,,,,,,,,,,
186906,SNII,0.09306546052296956,,,,,,,,,,,,,,,,,,,,,,,,,,,,,,,,,,,,
280495,TDE,0.16164636611938477,,,,,,,,,,,,,,,,,,,,,,,,,,,,,,,,,,,,
253615,SNIbc,0.25542507171630857,,,,,,,,,,,,,,,,,,,,,,,,,,,,,,,,,,,,
294809,TDE,0.09006266593933106,,,,,,,,,,,,,,,,,,,,,,,,,,,,,,,,,,,,
180930,SNII,0.06927604675292968,,,,,,,,,,,,,,,,,,,,,,,,,,,,,,,,,,,,
157158,SNIbc,0.0740821361541748,,,,,,,,,,,,,,,,,,,,,,,,,,,,,,,,,,,,
268325,SNIax,0.10429930686950684,,,,,,,,,,,,,,,,,,,,,,,,,,,,,,,,,,,,
166169,SNIa-91bg,0.04134058952331543,,,,,,,,,,,,,,,,,,,,,,,,,,,,,,,,,,,,
180316,SLSN-I,0.0947190284729004,,,,,,,,,,,,,,,,,,,,,,,,,,,,,,,,,,,,
23667,AGN,0.06669735908508301,,,,,,,,,,,,,,,,,,,,,,,,,,,,,,,,,,,,
170796,TDE,0.17114858627319335,,,,,,,,,,,,,,,,,,,,,,,,,,,,,,,,,,,,
260350,SLSN-I,0.03295926253000895,,,,,,,,,,,,,,,,,,,,,,,,,,,,,,,,,,,,
156853,SNIbc,0.09308926264444987,,,,,,,,,,,,,,,,,,,,,,,,,,,,,,,,,,,,
154144,SNIa-91bg,0.029152790705362957,,,,,,,,,,,,,,,,,,,,,,,,,,,,,,,,,,,,
43961,SNIa-91bg,0.10797948837280273,,,,,,,,,,,,,,,,,,,,,,,,,,,,,,,,,,,,
307959,SNII,0.14912176132202148,,,,,,,,,,,,,,,,,,,,,,,,,,,,,,,,,,,,
208418,SNIbc,0.03300440311431885,,,,,,,,,,,,,,,,,,,,,,,,,,,,,,,,,,,,
134076,SNIa,0.023740847905476887,,,,,,,,,,,,,,,,,,,,,,,,,,,,,,,,,,,,
141065,SNIa,0.05506749947865804,,,,,,,,,,,,,,,,,,,,,,,,,,,,,,,,,,,,
214746,SNIa-91bg,0.08742246627807618,,,,,,,,,,,,,,,,,,,,,,,,,,,,,,,,,,,,
199870,SNIbc,0.07079272270202637,,,,,,,,,,,,,,,,,,,,,,,,,,,,,,,,,,,,
268321,SNII,0.15434012413024903,,,,,,,,,,,,,,,,,,,,,,,,,,,,,,,,,,,,
72934,AGN,0.06431236267089843,,,,,,,,,,,,,,,,,,,,,,,,,,,,,,,,,,,,
231183,AGN,0.14025917053222656,,,,,,,,,,,,,,,,,,,,,,,,,,,,,,,,,,,,
136418,AGN,0.07736368179321289,,,,,,,,,,,,,,,,,,,,,,,,,,,,,,,,,,,,
239263,SNIa-91bg,0.09319610595703125,,,,,,,,,,,,,,,,,,,,,,,,,,,,,,,,,,,,
61127,TDE,0.05151081085205078,,,,,,,,,,,,,,,,,,,,,,,,,,,,,,,,,,,,
241704,SNIa-91bg,0.026755253473917644,,,,,,,,,,,,,,,,,,,,,,,,,,,,,,,,,,,,
156512,TDE,0.05460600852966309,,,,,,,,,,,,,,,,,,,,,,,,,,,,,,,,,,,,
81773,SNIax,0.05912556648254395,,,,,,,,,,,,,,,,,,,,,,,,,,,,,,,,,,,,
295853,AGN,0.07847352027893066,,,,,,,,,,,,,,,,,,,,,,,,,,,,,,,,,,,,
272312,SNIbc,0.08829069137573242,,,,,,,,,,,,,,,,,,,,,,,,,,,,,,,,,,,,
91483,SNIbc,0.05466794967651367,,,,,,,,,,,,,,,,,,,,,,,,,,,,,,,,,,,,
241897,SNIax,0.1083909273147583,,,,,,,,,,,,,,,,,,,,,,,,,,,,,,,,,,,,
10470,SNIa,0.07433748245239258,,,,,,,,,,,,,,,,,,,,,,,,,,,,,,,,,,,,
334547,SNIa-91bg,0.01786203384399414,,,,,,,,,,,,,,,,,,,,,,,,,,,,,,,,,,,,
66269,SNII,0.2312131404876709,,,,,,,,,,,,,,,,,,,,,,,,,,,,,,,,,,,,
331184,SNII,0.1003874142964681,,,,,,,,,,,,,,,,,,,,,,,,,,,,,,,,,,,,
260177,SNIa,0.22364468574523927,,,,,,,,,,,,,,,,,,,,,,,,,,,,,,,,,,,,
179435,SNIa,0.088247815767924,,,,,,,,,,,,,,,,,,,,,,,,,,,,,,,,,,,,
14114,SLSN-I,0.1490464687347412,,,,,,,,,,,,,,,,,,,,,,,,,,,,,,,,,,,,
287551,AGN,0.17225780487060546,,,,,,,,,,,,,,,,,,,,,,,,,,,,,,,,,,,,
91264,AGN,0.00046062469482421875,,,,,,,,,,,,,,,,,,,,,,,,,,,,,,,,,,,,
294688,SNIbc,0.19949426651000976,,,,,,,,,,,,,,,,,,,,,,,,,,,,,,,,,,,,
29566,AGN,0.00042395591735839845,,,,,,,,,,,,,,,,,,,,,,,,,,,,,,,,,,,,
111403,SNIbc,0.06005056699117025,,,,,,,,,,,,,,,,,,,,,,,,,,,,,,,,,,,,
269116,SNIbc,0.07743711471557617,,,,,,,,,,,,,,,,,,,,,,,,,,,,,,,,,,,,
279758,SNIa-91bg,0.24986090660095214,,,,,,,,,,,,,,,,,,,,,,,,,,,,,,,,,,,,
193118,SNIa,0.09200210571289062,,,,,,,,,,,,,,,,,,,,,,,,,,,,,,,,,,,,
10071,SNIbc,0.06065378189086914,,,,,,,,,,,,,,,,,,,,,,,,,,,,,,,,,,,,
31738,AGN,0.26267361640930176,,,,,,,,,,,,,,,,,,,,,,,,,,,,,,,,,,,,
91871,AGN,0.1608471473058065,,,,,,,,,,,,,,,,,,,,,,,,,,,,,,,,,,,,
226127,SNII,0.05206167697906494,,,,,,,,,,,,,,,,,,,,,,,,,,,,,,,,,,,,
131216,TDE,0.06421751976013183,,,,,,,,,,,,,,,,,,,,,,,,,,,,,,,,,,,,
276084,SLSN-I,0.22921905517578126,,,,,,,,,,,,,,,,,,,,,,,,,,,,,,,,,,,,
330140,SNIa-91bg,0.2635762691497803,,,,,,,,,,,,,,,,,,,,,,,,,,,,,,,,,,,,
226349,TDE,0.0749119758605957,,,,,,,,,,,,,,,,,,,,,,,,,,,,,,,,,,,,
305554,AGN,0.05628623962402344,,,,,,,,,,,,,,,,,,,,,,,,,,,,,,,,,,,,
284909,SNIa-91bg,0.17415060997009277,,,,,,,,,,,,,,,,,,,,,,,,,,,,,,,,,,,,
226792,SNIbc,0.1674715042114258,,,,,,,,,,,,,,,,,,,,,,,,,,,,,,,,,,,,
3373,SNIa-91bg,0.10891523361206054,,,,,,,,,,,,,,,,,,,,,,,,,,,,,,,,,,,,
16519,SNIa,0.041698575019836426,,,,,,,,,,,,,,,,,,,,,,,,,,,,,,,,,,,,
74537,SNIax,0.04644338289896647,,,,,,,,,,,,,,,,,,,,,,,,,,,,,,,,,,,,
250460,SNIbc,0.21722192764282228,,,,,,,,,,,,,,,,,,,,,,,,,,,,,,,,,,,,
255347,SNIbc,0.23331136703491212,,,,,,,,,,,,,,,,,,,,,,,,,,,,,,,,,,,,
82030,SNII,0.10580158233642578,,,,,,,,,,,,,,,,,,,,,,,,,,,,,,,,,,,,
267239,AGN,0.003243406613667806,,,,,,,,,,,,,,,,,,,,,,,,,,,,,,,,,,,,
3522,SNIbc,0.109104585647583,,,,,,,,,,,,,,,,,,,,,,,,,,,,,,,,,,,,
83438,SNIa,0.04957660039265951,,,,,,,,,,,,,,,,,,,,,,,,,,,,,,,,,,,,
206976,SLSN-I,0.05514183044433594,,,,,,,,,,,,,,,,,,,,,,,,,,,,,,,,,,,,
241284,SNIax,0.04925314585367838,,,,,,,,,,,,,,,,,,,,,,,,,,,,,,,,,,,,
143195,SNIa-91bg,0.06777439117431641,,,,,,,,,,,,,,,,,,,,,,,,,,,,,,,,,,,,
328406,AGN,0.0004885991414388021,,,,,,,,,,,,,,,,,,,,,,,,,,,,,,,,,,,,
155325,SNII,0.07701292037963867,,,,,,,,,,,,,,,,,,,,,,,,,,,,,,,,,,,,
221378,SLSN-I,0.08006854057312011,,,,,,,,,,,,,,,,,,,,,,,,,,,,,,,,,,,,
86344,SNIax,0.06208815574645996,,,,,,,,,,,,,,,,,,,,,,,,,,,,,,,,,,,,
223855,SNIa-91bg,0.10052227973937988,,,,,,,,,,,,,,,,,,,,,,,,,,,,,,,,,,,,
97508,SNIa-91bg,0.06948528289794922,,,,,,,,,,,,,,,,,,,,,,,,,,,,,,,,,,,,
254672,SNII,0.049445056915283205,,,,,,,,,,,,,,,,,,,,,,,,,,,,,,,,,,,,
149121,SNII,0.05865926742553711,,,,,,,,,,,,,,,,,,,,,,,,,,,,,,,,,,,,
72300,TDE,0.044927239418029785,,,,,,,,,,,,,,,,,,,,,,,,,,,,,,,,,,,,
341108,SNII,0.13631072044372558,,,,,,,,,,,,,,,,,,,,,,,,,,,,,,,,,,,,
337346,SNIa-91bg,0.10972576141357422,,,,,,,,,,,,,,,,,,,,,,,,,,,,,,,,,,,,
301123,SNIbc,0.023627519607543945,,,,,,,,,,,,,,,,,,,,,,,,,,,,,,,,,,,,
16622,SNII,0.19707126617431642,,,,,,,,,,,,,,,,,,,,,,,,,,,,,,,,,,,,
301669,SNIax,0.058356714248657224,,,,,,,,,,,,,,,,,,,,,,,,,,,,,,,,,,,,
28542,SNIbc,0.24645004272460938,,,,,,,,,,,,,,,,,,,,,,,,,,,,,,,,,,,,
127669,TDE,0.10703587532043457,,,,,,,,,,,,,,,,,,,,,,,,,,,,,,,,,,,,
11657,SNIbc,0.09712786674499511,,,,,,,,,,,,,,,,,,,,,,,,,,,,,,,,,,,,
283003,SLSN-I,0.04859938621520996,,,,,,,,,,,,,,,,,,,,,,,,,,,,,,,,,,,,
303743,SNII,0.09586105346679688,,,,,,,,,,,,,,,,,,,,,,,,,,,,,,,,,,,,
317857,AGN,0.24241714477539061,,,,,,,,,,,,,,,,,,,,,,,,,,,,,,,,,,,,
341003,TDE,0.15463213125864664,,,,,,,,,,,,,,,,,,,,,,,,,,,,,,,,,,,,
69795,AGN,0.18711023330688475,,,,,,,,,,,,,,,,,,,,,,,,,,,,,,,,,,,,
7931,SNIa,0.06895971298217773,,,,,,,,,,,,,,,,,,,,,,,,,,,,,,,,,,,,
2933,SNIbc,0.06545958518981934,,,,,,,,,,,,,,,,,,,,,,,,,,,,,,,,,,,,
56986,AGN,0.08786888122558593,,,,,,,,,,,,,,,,,,,,,,,,,,,,,,,,,,,,
272103,AGN,0.13656539916992189,,,,,,,,,,,,,,,,,,,,,,,,,,,,,,,,,,,,
49288,SNIa,0.03929003079732259,,,,,,,,,,,,,,,,,,,,,,,,,,,,,,,,,,,,
96025,SNIax,0.05226163069407145,,,,,,,,,,,,,,,,,,,,,,,,,,,,,,,,,,,,
1702,SNIa-91bg,0.03550434112548828,,,,,,,,,,,,,,,,,,,,,,,,,,,,,,,,,,,,
100415,SNIa-91bg,0.12448883056640625,,,,,,,,,,,,,,,,,,,,,,,,,,,,,,,,,,,,
325320,SNIbc,0.14542226791381835,,,,,,,,,,,,,,,,,,,,,,,,,,,,,,,,,,,,
214524,SLSN-I,0.288679838180542,,,,,,,,,,,,,,,,,,,,,,,,,,,,,,,,,,,,
150122,SNIax,0.051472949981689456,,,,,,,,,,,,,,,,,,,,,,,,,,,,,,,,,,,,
72292,TDE,0.08762631416320801,,,,,,,,,,,,,,,,,,,,,,,,,,,,,,,,,,,,
109590,SNIa,0.19362444877624513,,,,,,,,,,,,,,,,,,,,,,,,,,,,,,,,,,,,
245512,SNIbc,0.05104637145996094,,,,,,,,,,,,,,,,,,,,,,,,,,,,,,,,,,,,
331069,SNII,0.037264506022135414,,,,,,,,,,,,,,,,,,,,,,,,,,,,,,,,,,,,
158091,SNIbc,0.07668108940124511,,,,,,,,,,,,,,,,,,,,,,,,,,,,,,,,,,,,
220724,SNIax,0.04350275993347168,,,,,,,,,,,,,,,,,,,,,,,,,,,,,,,,,,,,
120914,SNIbc,0.054340171813964847,,,,,,,,,,,,,,,,,,,,,,,,,,,,,,,,,,,,
159815,SNIa,0.15531706809997559,,,,,,,,,,,,,,,,,,,,,,,,,,,,,,,,,,,,
293369,SNII,0.1278006076812744,,,,,,,,,,,,,,,,,,,,,,,,,,,,,,,,,,,,
284282,SNII,0.1501988410949707,,,,,,,,,,,,,,,,,,,,,,,,,,,,,,,,,,,,
294533,SNIbc,0.04999351501464844,,,,,,,,,,,,,,,,,,,,,,,,,,,,,,,,,,,,
224976,SLSN-I,0.0940317153930664,,,,,,,,,,,,,,,,,,,,,,,,,,,,,,,,,,,,
162092,TDE,0.06994239489237468,,,,,,,,,,,,,,,,,,,,,,,,,,,,,,,,,,,,
162247,SNIbc,0.06822756926218669,,,,,,,,,,,,,,,,,,,,,,,,,,,,,,,,,,,,
166415,SNII,0.27088465690612795,,,,,,,,,,,,,,,,,,,,,,,,,,,,,,,,,,,,
104205,SNIa,0.04852161407470703,,,,,,,,,,,,,,,,,,,,,,,,,,,,,,,,,,,,
325414,SNIa,0.06297440528869629,,,,,,,,,,,,,,,,,,,,,,,,,,,,,,,,,,,,
198005,SLSN-I,0.12691068649291992,,,,,,,,,,,,,,,,,,,,,,,,,,,,,,,,,,,,
227699,TDE,0.041199564933776855,,,,,,,,,,,,,,,,,,,,,,,,,,,,,,,,,,,,
302134,SNIax,0.06314865748087566,,,,,,,,,,,,,,,,,,,,,,,,,,,,,,,,,,,,
188742,SLSN-I,0.090019424756368,,,,,,,,,,,,,,,,,,,,,,,,,,,,,,,,,,,,
156868,SNIax,0.10456032752990722,,,,,,,,,,,,,,,,,,,,,,,,,,,,,,,,,,,,
176723,SLSN-I,0.06609835624694824,,,,,,,,,,,,,,,,,,,,,,,,,,,,,,,,,,,,
123824,SLSN-I,0.04663201173146566,,,,,,,,,,,,,,,,,,,,,,,,,,,,,,,,,,,,
328036,SNIax,0.05815534591674805,,,,,,,,,,,,,,,,,,,,,,,,,,,,,,,,,,,,
341916,SNIa-91bg,0.056452155113220215,,,,,,,,,,,,,,,,,,,,,,,,,,,,,,,,,,,,
94540,SNIa-91bg,0.16184077262878419,,,,,,,,,,,,,,,,,,,,,,,,,,,,,,,,,,,,
193576,SNIa,0.258410120010376,,,,,,,,,,,,,,,,,,,,,,,,,,,,,,,,,,,,
17046,SNIa-91bg,0.05753417015075683,,,,,,,,,,,,,,,,,,,,,,,,,,,,,,,,,,,,
279632,SNIa-91bg,0.24062395095825195,,,,,,,,,,,,,,,,,,,,,,,,,,,,,,,,,,,,
320143,SNIax,0.028627395629882812,,,,,,,,,,,,,,,,,,,,,,,,,,,,,,,,,,,,
335653,SLSN-I,0.112571382522583,,,,,,,,,,,,,,,,,,,,,,,,,,,,,,,,,,,,
328381,SLSN-I,0.14468181133270264,,,,,,,,,,,,,,,,,,,,,,,,,,,,,,,,,,,,
295582,SNIa-91bg,0.04842805862426758,,,,,,,,,,,,,,,,,,,,,,,,,,,,,,,,,,,,
137128,SLSN-I,0.07085871696472168,,,,,,,,,,,,,,,,,,,,,,,,,,,,,,,,,,,,
281587,AGN,0.005600929260253906,,,,,,,,,,,,,,,,,,,,,,,,,,,,,,,,,,,,
30998,SLSN-I,0.0406590461730957,,,,,,,,,,,,,,,,,,,,,,,,,,,,,,,,,,,,
314105,SNIa,0.16521835327148438,,,,,,,,,,,,,,,,,,,,,,,,,,,,,,,,,,,,
185172,TDE,0.31148109436035154,,,,,,,,,,,,,,,,,,,,,,,,,,,,,,,,,,,,
230350,TDE,0.09399024645487468,,,,,,,,,,,,,,,,,,,,,,,,,,,,,,,,,,,,
6369,SNIax,0.05707255999247233,,,,,,,,,,,,,,,,,,,,,,,,,,,,,,,,,,,,
309433,SNIax,0.0895078182220459,,,,,,,,,,,,,,,,,,,,,,,,,,,,,,,,,,,,
250763,SLSN-I,0.10795454184214275,,,,,,,,,,,,,,,,,,,,,,,,,,,,,,,,,,,,
210375,SNII,0.06767018636067708,,,,,,,,,,,,,,,,,,,,,,,,,,,,,,,,,,,,
334142,AGN,0.13779811859130858,,,,,,,,,,,,,,,,,,,,,,,,,,,,,,,,,,,,
107495,AGN,0.154846715927124,,,,,,,,,,,,,,,,,,,,,,,,,,,,,,,,,,,,
254810,TDE,0.1187593936920166,,,,,,,,,,,,,,,,,,,,,,,,,,,,,,,,,,,,
69990,AGN,0.04465758800506592,,,,,,,,,,,,,,,,,,,,,,,,,,,,,,,,,,,,
286015,SNII,0.045834978421529136,,,,,,,,,,,,,,,,,,,,,,,,,,,,,,,,,,,,
166936,SLSN-I,0.04952911535898844,,,,,,,,,,,,,,,,,,,,,,,,,,,,,,,,,,,,
226402,SLSN-I,0.08374609947204589,,,,,,,,,,,,,,,,,,,,,,,,,,,,,,,,,,,,
194090,SNII,0.0787959098815918,,,,,,,,,,,,,,,,,,,,,,,,,,,,,,,,,,,,
45766,SNIa-91bg,0.0550389289855957,,,,,,,,,,,,,,,,,,,,,,,,,,,,,,,,,,,,
41878,SNIa,0.14150147438049315,,,,,,,,,,,,,,,,,,,,,,,,,,,,,,,,,,,,
187406,SNIa,0.044898152351379395,,,,,,,,,,,,,,,,,,,,,,,,,,,,,,,,,,,,
66972,SNIa,0.05069422721862793,,,,,,,,,,,,,,,,,,,,,,,,,,,,,,,,,,,,
51977,SNIax,0.16355542341868082,,,,,,,,,,,,,,,,,,,,,,,,,,,,,,,,,,,,
125325,SLSN-I,0.1887452999750773,,,,,,,,,,,,,,,,,,,,,,,,,,,,,,,,,,,,
27594,SNII,0.09609909852345784,,,,,,,,,,,,,,,,,,,,,,,,,,,,,,,,,,,,
289059,TDE,0.09684176445007324,,,,,,,,,,,,,,,,,,,,,,,,,,,,,,,,,,,,
333305,SLSN-I,0.2337733268737793,,,,,,,,,,,,,,,,,,,,,,,,,,,,,,,,,,,,
286685,SNIa,0.0684882640838623,,,,,,,,,,,,,,,,,,,,,,,,,,,,,,,,,,,,
121110,TDE,0.18617548942565917,,,,,,,,,,,,,,,,,,,,,,,,,,,,,,,,,,,,
4559,SNII,0.08640689849853515,,,,,,,,,,,,,,,,,,,,,,,,,,,,,,,,,,,,
45760,SNIbc,0.09705634117126465,,,,,,,,,,,,,,,,,,,,,,,,,,,,,,,,,,,,
75803,AGN,0.00035028457641601564,,,,,,,,,,,,,,,,,,,,,,,,,,,,,,,,,,,,
294738,SNIa-91bg,0.033221769332885745,,,,,,,,,,,,,,,,,,,,,,,,,,,,,,,,,,,,
173095,SNIa,0.25248990058898924,,,,,,,,,,,,,,,,,,,,,,,,,,,,,,,,,,,,
321618,AGN,0.05475726127624512,,,,,,,,,,,,,,,,,,,,,,,,,,,,,,,,,,,,
185049,SNIa-91bg,0.03865890502929688,,,,,,,,,,,,,,,,,,,,,,,,,,,,,,,,,,,,
47387,TDE,0.05237885316212972,,,,,,,,,,,,,,,,,,,,,,,,,,,,,,,,,,,,
190050,SNIa,0.0649638573328654,,,,,,,,,,,,,,,,,,,,,,,,,,,,,,,,,,,,
17,SNII,0.09272446632385253,,,,,,,,,,,,,,,,,,,,,,,,,,,,,,,,,,,,
255926,AGN,0.032370289166768394,,,,,,,,,,,,,,,,,,,,,,,,,,,,,,,,,,,,
180621,SNIa-91bg,0.14719047546386718,,,,,,,,,,,,,,,,,,,,,,,,,,,,,,,,,,,,
87995,SNIbc,0.05392026901245117,,,,,,,,,,,,,,,,,,,,,,,,,,,,,,,,,,,,
57584,SNII,0.1098631223042806,,,,,,,,,,,,,,,,,,,,,,,,,,,,,,,,,,,,
173517,SNIax,0.036217355728149415,,,,,,,,,,,,,,,,,,,,,,,,,,,,,,,,,,,,
110824,SLSN-I,0.10551261901855469,,,,,,,,,,,,,,,,,,,,,,,,,,,,,,,,,,,,
326827,TDE,0.07971648375193278,,,,,,,,,,,,,,,,,,,,,,,,,,,,,,,,,,,,
180650,SNII,0.029713988304138184,,,,,,,,,,,,,,,,,,,,,,,,,,,,,,,,,,,,
92477,SNIax,0.19850506782531738,,,,,,,,,,,,,,,,,,,,,,,,,,,,,,,,,,,,
334493,SNIa-91bg,0.06487836837768554,,,,,,,,,,,,,,,,,,,,,,,,,,,,,,,,,,,,
212814,SNIa,0.0734397570292155,,,,,,,,,,,,,,,,,,,,,,,,,,,,,,,,,,,,
323530,SNIbc,0.06142425537109375,,,,,,,,,,,,,,,,,,,,,,,,,,,,,,,,,,,,
39785,SNIa-91bg,0.043703834215799965,,,,,,,,,,,,,,,,,,,,,,,,,,,,,,,,,,,,
237722,SNIa,0.0860987663269043,,,,,,,,,,,,,,,,,,,,,,,,,,,,,,,,,,,,
157045,SLSN-I,0.05706114768981933,,,,,,,,,,,,,,,,,,,,,,,,,,,,,,,,,,,,
106406,SNIa,0.20692667961120606,,,,,,,,,,,,,,,,,,,,,,,,,,,,,,,,,,,,
233850,SNIa,0.15917773246765138,,,,,,,,,,,,,,,,,,,,,,,,,,,,,,,,,,,,
264983,TDE,0.034212748209635414,,,,,,,,,,,,,,,,,,,,,,,,,,,,,,,,,,,,
275112,SLSN-I,0.057825287183125816,,,,,,,,,,,,,,,,,,,,,,,,,,,,,,,,,,,,
25664,AGN,0.08223981857299804,,,,,,,,,,,,,,,,,,,,,,,,,,,,,,,,,,,,
151025,TDE,0.15921282768249512,,,,,,,,,,,,,,,,,,,,,,,,,,,,,,,,,,,,
172258,TDE,0.2182065486907959,,,,,,,,,,,,,,,,,,,,,,,,,,,,,,,,,,,,
172158,SNIa-91bg,0.08280356725056966,,,,,,,,,,,,,,,,,,,,,,,,,,,,,,,,,,,,
261883,SNIa,0.15833072662353515,,,,,,,,,,,,,,,,,,,,,,,,,,,,,,,,,,,,
133914,SNIa,0.15592188835144044,,,,,,,,,,,,,,,,,,,,,,,,,,,,,,,,,,,,
247064,AGN,0.07389245033264161,,,,,,,,,,,,,,,,,,,,,,,,,,,,,,,,,,,,
204227,AGN,0.04081649780273437,,,,,,,,,,,,,,,,,,,,,,,,,,,,,,,,,,,,
28977,SNIbc,0.15781793594360352,,,,,,,,,,,,,,,,,,,,,,,,,,,,,,,,,,,,
167170,SNII,0.07725090980529785,,,,,,,,,,,,,,,,,,,,,,,,,,,,,,,,,,,,
254687,SNIa,0.059306065241495766,,,,,,,,,,,,,,,,,,,,,,,,,,,,,,,,,,,,
77272,SLSN-I,0.16255760192871094,,,,,,,,,,,,,,,,,,,,,,,,,,,,,,,,,,,,
267376,AGN,0.1609959602355957,,,,,,,,,,,,,,,,,,,,,,,,,,,,,,,,,,,,
5844,SNIa,0.050354719161987305,,,,,,,,,,,,,,,,,,,,,,,,,,,,,,,,,,,,
146387,SNIbc,0.08179130554199218,,,,,,,,,,,,,,,,,,,,,,,,,,,,,,,,,,,,
251125,SLSN-I,0.08978261947631835,,,,,,,,,,,,,,,,,,,,,,,,,,,,,,,,,,,,
286401,SNIax,0.08548531532287598,,,,,,,,,,,,,,,,,,,,,,,,,,,,,,,,,,,,
37890,SNIa,0.06452393531799316,,,,,,,,,,,,,,,,,,,,,,,,,,,,,,,,,,,,
295463,TDE,0.11623125076293946,,,,,,,,,,,,,,,,,,,,,,,,,,,,,,,,,,,,
146656,SNIax,0.06231913566589355,,,,,,,,,,,,,,,,,,,,,,,,,,,,,,,,,,,,
225153,SNII,0.23635783195495605,,,,,,,,,,,,,,,,,,,,,,,,,,,,,,,,,,,,
274996,TDE,0.042020988464355466,,,,,,,,,,,,,,,,,,,,,,,,,,,,,,,,,,,,
283990,SNIa,0.0658785343170166,,,,,,,,,,,,,,,,,,,,,,,,,,,,,,,,,,,,
338212,SNIa-91bg,0.06443061828613281,,,,,,,,,,,,,,,,,,,,,,,,,,,,,,,,,,,,
337020,SNII,0.2446368137995402,,,,,,,,,,,,,,,,,,,,,,,,,,,,,,,,,,,,
49038,SNII,0.0709108829498291,,,,,,,,,,,,,,,,,,,,,,,,,,,,,,,,,,,,
209577,SNIa-91bg,0.04477818806966146,,,,,,,,,,,,,,,,,,,,,,,,,,,,,,,,,,,,
6402,SNIbc,0.289033842086792,,,,,,,,,,,,,,,,,,,,,,,,,,,,,,,,,,,,
82833,TDE,0.055902862548828126,,,,,,,,,,,,,,,,,,,,,,,,,,,,,,,,,,,,
109959,SLSN-I,0.06437296867370605,,,,,,,,,,,,,,,,,,,,,,,,,,,,,,,,,,,,
3751,SNIax,0.22689456939697267,,,,,,,,,,,,,,,,,,,,,,,,,,,,,,,,,,,,
245944,SNIa,0.06731300354003907,,,,,,,,,,,,,,,,,,,,,,,,,,,,,,,,,,,,
39345,SNII,0.06421581904093425,,,,,,,,,,,,,,,,,,,,,,,,,,,,,,,,,,,,
111633,SNII,0.0913236141204834,,,,,,,,,,,,,,,,,,,,,,,,,,,,,,,,,,,,
68454,SNIax,0.15166788101196288,,,,,,,,,,,,,,,,,,,,,,,,,,,,,,,,,,,,
181400,SLSN-I,0.2802103519439697,,,,,,,,,,,,,,,,,,,,,,,,,,,,,,,,,,,,
86874,SNIbc,0.045750061670939125,,,,,,,,,,,,,,,,,,,,,,,,,,,,,,,,,,,,
2661,AGN,0.0003900051116943359,,,,,,,,,,,,,,,,,,,,,,,,,,,,,,,,,,,,
130466,SNIa,0.09266253312428792,,,,,,,,,,,,,,,,,,,,,,,,,,,,,,,,,,,,
259237,SNII,0.14545040130615233,,,,,,,,,,,,,,,,,,,,,,,,,,,,,,,,,,,,
102057,SNIax,0.058966755867004395,,,,,,,,,,,,,,,,,,,,,,,,,,,,,,,,,,,,
276902,SLSN-I,0.037084341049194336,,,,,,,,,,,,,,,,,,,,,,,,,,,,,,,,,,,,
92522,SNIax,0.16187829971313478,,,,,,,,,,,,,,,,,,,,,,,,,,,,,,,,,,,,
289355,TDE,0.06279643376668294,,,,,,,,,,,,,,,,,,,,,,,,,,,,,,,,,,,,
295703,SNII,0.12097373008728027,,,,,,,,,,,,,,,,,,,,,,,,,,,,,,,,,,,,
152677,SNIax,0.017702674865722655,,,,,,,,,,,,,,,,,,,,,,,,,,,,,,,,,,,,
275926,SLSN-I,0.20624407132466635,,,,,,,,,,,,,,,,,,,,,,,,,,,,,,,,,,,,
254717,SNIax,0.07849915822347005,,,,,,,,,,,,,,,,,,,,,,,,,,,,,,,,,,,,
159319,SNIax,0.04007158279418945,,,,,,,,,,,,,,,,,,,,,,,,,,,,,,,,,,,,
222785,SLSN-I,0.04412722587585449,,,,,,,,,,,,,,,,,,,,,,,,,,,,,,,,,,,,
94074,AGN,0.054497480392456055,,,,,,,,,,,,,,,,,,,,,,,,,,,,,,,,,,,,
35069,SNIax,0.029708107312520344,,,,,,,,,,,,,,,,,,,,,,,,,,,,,,,,,,,,
40473,TDE,0.30215816497802733,,,,,,,,,,,,,,,,,,,,,,,,,,,,,,,,,,,,
136892,AGN,0.19444055557250978,,,,,,,,,,,,,,,,,,,,,,,,,,,,,,,,,,,,
12078,SNIbc,0.15442380905151368,,,,,,,,,,,,,,,,,,,,,,,,,,,,,,,,,,,,
331851,TDE,0.09368300437927246,,,,,,,,,,,,,,,,,,,,,,,,,,,,,,,,,,,,
275520,SNII,0.07647494475046794,,,,,,,,,,,,,,,,,,,,,,,,,,,,,,,,,,,,
174520,SNII,0.04996713002522787,,,,,,,,,,,,,,,,,,,,,,,,,,,,,,,,,,,,
328842,SNIa-91bg,0.059464454650878906,,,,,,,,,,,,,,,,,,,,,,,,,,,,,,,,,,,,
229361,SNIax,0.05825638771057129,,,,,,,,,,,,,,,,,,,,,,,,,,,,,,,,,,,,
145752,SNII,0.047274303436279294,,,,,,,,,,,,,,,,,,,,,,,,,,,,,,,,,,,,
168034,SLSN-I,0.05283625920613607,,,,,,,,,,,,,,,,,,,,,,,,,,,,,,,,,,,,
41282,SLSN-I,0.03320298194885254,,,,,,,,,,,,,,,,,,,,,,,,,,,,,,,,,,,,
198209,SNII,0.06900672912597657,,,,,,,,,,,,,,,,,,,,,,,,,,,,,,,,,,,,
247116,SLSN-I,0.1146787166595459,,,,,,,,,,,,,,,,,,,,,,,,,,,,,,,,,,,,
132547,TDE,0.09115362167358398,,,,,,,,,,,,,,,,,,,,,,,,,,,,,,,,,,,,
218669,SNIbc,0.04903044700622559,,,,,,,,,,,,,,,,,,,,,,,,,,,,,,,,,,,,
17274,SNIa-91bg,0.057132816314697264,,,,,,,,,,,,,,,,,,,,,,,,,,,,,,,,,,,,
272064,SNIax,0.025570114453633625,,,,,,,,,,,,,,,,,,,,,,,,,,,,,,,,,,,,
62430,SNIax,0.13447117805480957,,,,,,,,,,,,,,,,,,,,,,,,,,,,,,,,,,,,
266271,SNII,0.044748147328694664,,,,,,,,,,,,,,,,,,,,,,,,,,,,,,,,,,,,
180387,SNII,0.06910438537597656,,,,,,,,,,,,,,,,,,,,,,,,,,,,,,,,,,,,
33142,SLSN-I,0.05929441452026367,,,,,,,,,,,,,,,,,,,,,,,,,,,,,,,,,,,,
326679,TDE,0.05166888236999512,,,,,,,,,,,,,,,,,,,,,,,,,,,,,,,,,,,,
289053,SNIa,0.09831496079762776,,,,,,,,,,,,,,,,,,,,,,,,,,,,,,,,,,,,
122615,TDE,0.07092698415120442,,,,,,,,,,,,,,,,,,,,,,,,,,,,,,,,,,,,
88444,SNII,0.1004373550415039,,,,,,,,,,,,,,,,,,,,,,,,,,,,,,,,,,,,
263730,SNII,0.06234283447265625,,,,,,,,,,,,,,,,,,,,,,,,,,,,,,,,,,,,
16596,SNIbc,0.0607596238454183,,,,,,,,,,,,,,,,,,,,,,,,,,,,,,,,,,,,
317677,SNIbc,0.04988563060760498,,,,,,,,,,,,,,,,,,,,,,,,,,,,,,,,,,,,
200048,TDE,0.08626766204833984,,,,,,,,,,,,,,,,,,,,,,,,,,,,,,,,,,,,
21974,SNIbc,0.06842784881591797,,,,,,,,,,,,,,,,,,,,,,,,,,,,,,,,,,,,
207776,SNIa-91bg,0.05463767051696777,,,,,,,,,,,,,,,,,,,,,,,,,,,,,,,,,,,,
282720,SNIa,0.11302618980407715,,,,,,,,,,,,,,,,,,,,,,,,,,,,,,,,,,,,
124483,SNIa,0.0964345932006836,,,,,,,,,,,,,,,,,,,,,,,,,,,,,,,,,,,,
43456,SLSN-I,0.22056593894958496,,,,,,,,,,,,,,,,,,,,,,,,,,,,,,,,,,,,
194324,TDE,0.23354220390319824,,,,,,,,,,,,,,,,,,,,,,,,,,,,,,,,,,,,
191731,SNIa-91bg,0.03563408056894938,,,,,,,,,,,,,,,,,,,,,,,,,,,,,,,,,,,,
247329,TDE,0.1731931209564209,,,,,,,,,,,,,,,,,,,,,,,,,,,,,,,,,,,,
241111,SNIa,0.03995518684387207,,,,,,,,,,,,,,,,,,,,,,,,,,,,,,,,,,,,
159214,TDE,0.05723774433135986,,,,,,,,,,,,,,,,,,,,,,,,,,,,,,,,,,,,
56067,SNIa-91bg,0.13905870914459229,,,,,,,,,,,,,,,,,,,,,,,,,,,,,,,,,,,,
139774,SLSN-I,0.11019293467203777,,,,,,,,,,,,,,,,,,,,,,,,,,,,,,,,,,,,
166795,SNIbc,0.04385242462158203,,,,,,,,,,,,,,,,,,,,,,,,,,,,,,,,,,,,
264136,SNIa-91bg,0.0612488587697347,,,,,,,,,,,,,,,,,,,,,,,,,,,,,,,,,,,,
89643,SNIax,0.17532944679260254,,,,,,,,,,,,,,,,,,,,,,,,,,,,,,,,,,,,
227004,SLSN-I,0.21624318758646646,,,,,,,,,,,,,,,,,,,,,,,,,,,,,,,,,,,,
137797,AGN,0.08532695770263672,,,,,,,,,,,,,,,,,,,,,,,,,,,,,,,,,,,,
96080,SNII,0.050173004468282066,,,,,,,,,,,,,,,,,,,,,,,,,,,,,,,,,,,,
182822,SNIa-91bg,0.05096120834350586,,,,,,,,,,,,,,,,,,,,,,,,,,,,,,,,,,,,
29550,SNIa-91bg,0.0335176944732666,,,,,,,,,,,,,,,,,,,,,,,,,,,,,,,,,,,,
164909,TDE,0.047354841232299806,,,,,,,,,,,,,,,,,,,,,,,,,,,,,,,,,,,,
41759,SNII,0.08769717216491699,,,,,,,,,,,,,,,,,,,,,,,,,,,,,,,,,,,,
39688,TDE,0.07719504833221436,,,,,,,,,,,,,,,,,,,,,,,,,,,,,,,,,,,,
239729,SNIax,0.15504355430603028,,,,,,,,,,,,,,,,,,,,,,,,,,,,,,,,,,,,
329044,TDE,0.10742445786794026,,,,,,,,,,,,,,,,,,,,,,,,,,,,,,,,,,,,
220372,AGN,0.04836902618408203,,,,,,,,,,,,,,,,,,,,,,,,,,,,,,,,,,,,
93887,SNIa-91bg,0.14839677810668944,,,,,,,,,,,,,,,,,,,,,,,,,,,,,,,,,,,,
60415,TDE,0.04371986389160156,,,,,,,,,,,,,,,,,,,,,,,,,,,,,,,,,,,,
169239,AGN,0.0004258155822753906,,,,,,,,,,,,,,,,,,,,,,,,,,,,,,,,,,,,
54590,TDE,0.15196986198425294,,,,,,,,,,,,,,,,,,,,,,,,,,,,,,,,,,,,
174834,SNII,0.08276224136352539,,,,,,,,,,,,,,,,,,,,,,,,,,,,,,,,,,,,
281685,TDE,0.2645881175994873,,,,,,,,,,,,,,,,,,,,,,,,,,,,,,,,,,,,
246324,SNIbc,0.09478883743286133,,,,,,,,,,,,,,,,,,,,,,,,,,,,,,,,,,,,
196069,SNIax,0.053184072176615395,,,,,,,,,,,,,,,,,,,,,,,,,,,,,,,,,,,,
245290,SNIbc,0.0452964703241984,,,,,,,,,,,,,,,,,,,,,,,,,,,,,,,,,,,,
316235,SLSN-I,0.05431323051452637,,,,,,,,,,,,,,,,,,,,,,,,,,,,,,,,,,,,
287332,SNIa-91bg,0.3344735145568848,,,,,,,,,,,,,,,,,,,,,,,,,,,,,,,,,,,,
53377,SLSN-I,0.059328595797220864,,,,,,,,,,,,,,,,,,,,,,,,,,,,,,,,,,,,
39152,SLSN-I,0.05101760228474935,,,,,,,,,,,,,,,,,,,,,,,,,,,,,,,,,,,,
248248,SNIa,0.139646577835083,,,,,,,,,,,,,,,,,,,,,,,,,,,,,,,,,,,,
42576,SLSN-I,0.04392824172973633,,,,,,,,,,,,,,,,,,,,,,,,,,,,,,,,,,,,
58539,SLSN-I,0.1754934310913086,,,,,,,,,,,,,,,,,,,,,,,,,,,,,,,,,,,,
216667,AGN,0.0003600597381591797,,,,,,,,,,,,,,,,,,,,,,,,,,,,,,,,,,,,
4494,SNIa,0.18088655471801757,,,,,,,,,,,,,,,,,,,,,,,,,,,,,,,,,,,,
123618,SNIa-91bg,0.22679924964904785,,,,,,,,,,,,,,,,,,,,,,,,,,,,,,,,,,,,
334423,TDE,0.07261424064636231,,,,,,,,,,,,,,,,,,,,,,,,,,,,,,,,,,,,
163248,SNIa,0.07442588806152343,,,,,,,,,,,,,,,,,,,,,,,,,,,,,,,,,,,,
303713,SNIbc,0.04792656898498535,,,,,,,,,,,,,,,,,,,,,,,,,,,,,,,,,,,,
293051,SNIa-91bg,0.05235779285430908,,,,,,,,,,,,,,,,,,,,,,,,,,,,,,,,,,,,
311198,AGN,0.07606544494628906,,,,,,,,,,,,,,,,,,,,,,,,,,,,,,,,,,,,
158696,SNII,0.23212785720825196,,,,,,,,,,,,,,,,,,,,,,,,,,,,,,,,,,,,
87674,SNIa-91bg,0.07768306732177735,,,,,,,,,,,,,,,,,,,,,,,,,,,,,,,,,,,,
221529,SLSN-I,0.06514949798583984,,,,,,,,,,,,,,,,,,,,,,,,,,,,,,,,,,,,
254224,SNIa,0.049351739883422854,,,,,,,,,,,,,,,,,,,,,,,,,,,,,,,,,,,,
300427,SNIa,0.056679209073384605,,,,,,,,,,,,,,,,,,,,,,,,,,,,,,,,,,,,
137962,SLSN-I,0.06157379150390625,,,,,,,,,,,,,,,,,,,,,,,,,,,,,,,,,,,,
70449,SLSN-I,0.06646003723144531,,,,,,,,,,,,,,,,,,,,,,,,,,,,,,,,,,,,
125400,SNIa,0.15125646591186523,,,,,,,,,,,,,,,,,,,,,,,,,,,,,,,,,,,,
289286,SNIa-91bg,0.18883781433105468,,,,,,,,,,,,,,,,,,,,,,,,,,,,,,,,,,,,
190431,SNIbc,0.09196190039316814,,,,,,,,,,,,,,,,,,,,,,,,,,,,,,,,,,,,
270177,SNIa,0.13507261276245117,,,,,,,,,,,,,,,,,,,,,,,,,,,,,,,,,,,,
332651,SLSN-I,0.10423827171325684,,,,,,,,,,,,,,,,,,,,,,,,,,,,,,,,,,,,
160774,SNIa,0.07605919837951661,,,,,,,,,,,,,,,,,,,,,,,,,,,,,,,,,,,,
16905,SNIax,0.07327032089233398,,,,,,,,,,,,,,,,,,,,,,,,,,,,,,,,,,,,
54015,SNII,0.10311667124430339,,,,,,,,,,,,,,,,,,,,,,,,,,,,,,,,,,,,
9197,TDE,0.12649431228637695,,,,,,,,,,,,,,,,,,,,,,,,,,,,,,,,,,,,
105887,SNIax,0.1115602970123291,,,,,,,,,,,,,,,,,,,,,,,,,,,,,,,,,,,,
161409,SNII,0.02795886993408203,,,,,,,,,,,,,,,,,,,,,,,,,,,,,,,,,,,,
86925,TDE,0.06272730827331544,,,,,,,,,,,,,,,,,,,,,,,,,,,,,,,,,,,,
49733,AGN,0.023943138122558594,,,,,,,,,,,,,,,,,,,,,,,,,,,,,,,,,,,,
79319,AGN,0.005657354990641276,,,,,,,,,,,,,,,,,,,,,,,,,,,,,,,,,,,,
247255,SNIa-91bg,0.0892405907313029,,,,,,,,,,,,,,,,,,,,,,,,,,,,,,,,,,,,
264319,SNIa,0.32515435218811034,,,,,,,,,,,,,,,,,,,,,,,,,,,,,,,,,,,,
26502,SNII,0.14249157905578613,,,,,,,,,,,,,,,,,,,,,,,,,,,,,,,,,,,,
198471,SNIbc,0.059348440170288085,,,,,,,,,,,,,,,,,,,,,,,,,,,,,,,,,,,,
44903,SNIax,0.08877778053283691,,,,,,,,,,,,,,,,,,,,,,,,,,,,,,,,,,,,
106263,TDE,0.08512487411499023,,,,,,,,,,,,,,,,,,,,,,,,,,,,,,,,,,,,
239384,AGN,0.00042899449666341144,,,,,,,,,,,,,,,,,,,,,,,,,,,,,,,,,,,,
93074,AGN,0.23177623748779297,,,,,,,,,,,,,,,,,,,,,,,,,,,,,,,,,,,,
119247,SNIa,0.04249803225199381,,,,,,,,,,,,,,,,,,,,,,,,,,,,,,,,,,,,
211276,TDE,0.06383247375488281,,,,,,,,,,,,,,,,,,,,,,,,,,,,,,,,,,,,
28010,SNIax,0.04511415958404541,,,,,,,,,,,,,,,,,,,,,,,,,,,,,,,,,,,,
247545,SNIbc,0.06820988655090332,,,,,,,,,,,,,,,,,,,,,,,,,,,,,,,,,,,,
77807,SNIbc,0.10243034362792969,,,,,,,,,,,,,,,,,,,,,,,,,,,,,,,,,,,,
105894,SNIa,0.12859312693277994,,,,,,,,,,,,,,,,,,,,,,,,,,,,,,,,,,,,
183631,AGN,0.19978642463684082,,,,,,,,,,,,,,,,,,,,,,,,,,,,,,,,,,,,
69473,SNII,0.12433018684387206,,,,,,,,,,,,,,,,,,,,,,,,,,,,,,,,,,,,
51009,SNIax,0.028243064880371094,,,,,,,,,,,,,,,,,,,,,,,,,,,,,,,,,,,,
177095,SNIax,0.05098004341125488,,,,,,,,,,,,,,,,,,,,,,,,,,,,,,,,,,,,
298031,SNIa-91bg,0.07293454806009929,,,,,,,,,,,,,,,,,,,,,,,,,,,,,,,,,,,,
